GP,absref,relmyo,myolevel,Eye,Region,ROI,Layer,c,K,rho,alpha,Z
11-3,10.33,0,EM,LE,INF,3,1,1539.50629,2.411560425,1.010300593,5.64914E-06,1.552666044
11-3,10.33,0,EM,LE,INF,3,2,1657.06243,2.6516129,0.972564306,8.27821E-06,1.598057847
11-3,10.33,0,EM,LE,INF,3,3,1542.023357,2.491417892,1.033949965,9.0987E-06,1.598457402
11-3,10.33,0,EM,LE,INF,3,4,1537.778997,2.449821341,1.023841778,7.83145E-06,1.574613727
11-3,10.33,0,EM,LE,INF,3.2,1,1536.662753,2.46347967,1.040775932,7.18819E-06,1.595333889
11-3,10.33,0,EM,LE,INF,3.2,2,1677.592762,2.707944031,0.968180187,8.84767E-06,1.613551188
11-3,10.33,0,EM,LE,INF,3.2,3,1594.776613,2.611455918,1.008977551,7.48536E-06,1.612157056
11-3,10.33,0,EM,LE,INF,3.2,4,1544.709255,2.505337753,1.037326508,9.0324E-06,1.604001476
11-3,10.33,0,EM,LE,INF,3.4,1,1558.923363,2.521599444,1.040011255,1.01979E-05,1.609326871
11-3,10.33,0,EM,LE,INF,3.4,2,1685.70806,2.723630833,0.962353861,6.32999E-06,1.614003268
11-3,10.33,0,EM,LE,INF,3.4,3,1639.92378,2.712836939,1.003932513,7.66976E-06,1.647712546
11-3,10.33,0,EM,LE,INF,3.4,4,1535.446561,2.455450247,1.022937613,8.12923E-06,1.574171561
11-3,10.33,0,EM,LE,INF,3.6,1,1543.497675,2.505310855,1.048765182,1.0035E-05,1.613992235
11-3,10.33,0,EM,LE,INF,3.6,2,1709.505276,2.795627446,0.962400672,8.45506E-06,1.633467647
11-3,10.33,0,EM,LE,INF,3.6,3,1608.353288,2.650176746,1.019105853,8.31854E-06,1.644462959
11-3,10.33,0,EM,LE,INF,3.6,4,1515.370044,2.441387333,1.034481937,8.25278E-06,1.574513056
11-3,10.33,0,EM,LE,INF,3.8,1,1537.650473,2.519726671,1.054419005,9.64667E-06,1.633308434
11-3,10.33,0,EM,LE,INF,3.8,2,1725.590961,2.861165514,0.966961894,1.04519E-05,1.655114034
11-3,10.33,0,EM,LE,INF,3.8,3,1645.078525,2.704869658,0.999612439,6.7473E-06,1.64279392
11-3,10.33,0,EM,LE,INF,3.8,4,1573.228174,2.532070186,1.018094652,9.52411E-06,1.602177077
11-3,10.33,0,EM,LE,INF,4,1,1557.898539,2.590156396,1.052698136,6.5289E-06,1.647577076
11-3,10.33,0,EM,LE,INF,4,2,1757.013729,2.926959171,0.959446956,9.91275E-06,1.66386166
11-3,10.33,0,EM,LE,INF,4,3,1677.148377,2.765764787,0.983219539,6.72125E-06,1.646559201
11-3,10.33,0,EM,LE,INF,4,4,1566.90055,2.491546456,0.998818662,8.48992E-06,1.563697584
11-3,10.33,0,EM,LE,INF,4.2,1,1561.429274,2.572150339,1.048869385,7.57237E-06,1.640692116
11-3,10.33,0,EM,LE,INF,4.2,2,1691.149135,2.830782896,0.99054709,8.50406E-06,1.671905298
11-3,10.33,0,EM,LE,INF,4.2,3,1608.803248,2.66463977,1.014638804,9.13715E-06,1.63815783
11-3,10.33,0,EM,LE,INF,4.2,4,1518.452301,2.451184966,1.044685903,1.01014E-05,1.594570245
11-3,10.33,0,EM,LE,INF,4.4,1,1570.676494,2.624494151,1.052856214,1.37018E-05,1.668479202
11-3,10.33,0,EM,LE,INF,4.4,2,1713.514985,2.804422104,0.961707557,9.83164E-06,1.633306918
11-3,10.33,0,EM,LE,INF,4.4,3,1622.37366,2.660073666,1.008785588,7.9769E-06,1.636840263
11-3,10.33,0,EM,LE,INF,4.4,4,1519.761557,2.445984967,1.034291361,1.13439E-05,1.577194664
11-3,10.33,0,EM,LE,SUP,2.2,1,1549.615545,2.581343628,1.070477798,2.94784E-06,1.660682047
11-3,10.33,0,EM,LE,SUP,2.2,2,1825.568502,3.177616259,0.980864361,1.07323E-05,1.770275936
11-3,10.33,0,EM,LE,SUP,2.2,3,1620.868298,2.594126696,0.987768417,7.6223E-06,1.593417708
11-3,10.33,0,EM,LE,SUP,2.2,4,1643.81535,2.799478358,1.03397625,1.0603E-05,1.700174319
11-3,10.33,0,EM,LE,SUP,2.4,1,1565.688226,2.60060725,1.048081465,5.86593E-06,1.627961954
11-3,10.33,0,EM,LE,SUP,2.4,2,1807.874863,3.112152452,0.994957948,1.14607E-05,1.752547429
11-3,10.33,0,EM,LE,SUP,2.4,3,1588.587556,2.560281577,1.010139463,7.34157E-06,1.604047782
11-3,10.33,0,EM,LE,SUP,2.4,4,1605.541325,2.634316564,1.017426692,9.31087E-06,1.633341213
11-3,10.33,0,EM,LE,SUP,2.6,1,1520.63922,2.584123966,1.076204704,3.34218E-06,1.683911074
11-3,10.33,0,EM,LE,SUP,2.6,2,1828.319254,3.104085327,1.030706698,9.96224E-06,1.893320887
11-3,10.33,0,EM,LE,SUP,2.6,3,1562.455491,2.503771362,1.010437215,6.58197E-06,1.581004199
11-3,10.33,0,EM,LE,SUP,2.6,4,1618.533726,2.686083041,1.021144655,9.97193E-06,1.654342865
11-3,10.33,0,EM,LE,SUP,2.8,1,1537.724459,2.626786525,1.083744874,7.22966E-06,1.717985699
11-3,10.33,0,EM,LE,SUP,2.8,2,1828.19964,3.158900184,1.019710165,9.97988E-06,1.863329262
11-3,10.33,0,EM,LE,SUP,2.8,3,1559.406463,2.514121846,1.024104224,7.38084E-06,1.598494732
11-3,10.33,0,EM,LE,SUP,2.8,4,1585.898715,2.605463257,1.031802742,1.01981E-05,1.640274283
11-3,10.33,0,EM,LE,SUP,3,1,1523.222914,2.599936866,1.081706997,3.97059E-06,1.707496235
11-3,10.33,0,EM,LE,SUP,3,2,1798.225868,3.201811701,1.0451167,8.1754E-06,1.884857084
11-3,10.33,0,EM,LE,SUP,3,3,1555.531483,2.541511713,1.033406941,8.88035E-06,1.60856182
11-3,10.33,0,EM,LE,SUP,3,4,1548.619072,2.559805838,1.062088932,1.11295E-05,1.647742229
11-3,10.33,0,EM,LE,SUP,3.2,1,1567.324183,2.774798494,1.068172985,1.08805E-05,1.842849148
11-3,10.33,0,EM,LE,SUP,3.2,2,1783.506855,3.27512132,1.051100711,8.8462E-06,1.889670458
11-3,10.33,0,EM,LE,SUP,3.2,3,1556.286657,2.520497818,1.028286649,9.02866E-06,1.603384547
11-3,10.33,0,EM,LE,SUP,3.2,4,1520.542255,2.45970436,1.059546952,8.53318E-06,1.612972372
11-3,10.33,0,EM,LE,SUP,3.4,1,1689.410421,3.015968697,1.073657345,9.22754E-06,1.972842738
11-3,10.33,0,EM,LE,SUP,3.4,2,1793.688503,3.301748214,1.054752162,8.37473E-06,1.891431519
11-3,10.33,0,EM,LE,SUP,3.4,3,1550.845009,2.558323102,1.052823844,1.16148E-05,1.636295498
11-3,10.33,0,EM,LE,SUP,3.4,4,1505.764904,2.409671123,1.056767808,5.79071E-06,1.591799809
11-3,10.33,0,EM,LE,SUP,4.2,1,1576.850967,2.635396777,1.048102155,2.73166E-06,1.627517632
11-3,10.33,0,EM,LE,SUP,4.2,2,1770.238532,3.021286234,0.99094467,1.01075E-05,1.71001181
11-3,10.33,0,EM,LE,SUP,4.2,3,1712.252938,3.002684562,1.023479305,8.61331E-06,1.751787661
11-3,10.33,0,EM,LE,SUP,4.2,4,1579.569695,2.597061618,1.035708257,1.28112E-05,1.635006068
11-3,10.33,0,EM,LE,SUP,4.4,1,1537.452714,2.546725486,1.088370295,4.67636E-06,1.718948756
11-3,10.33,0,EM,LE,SUP,4.4,2,1855.106598,3.350541809,1.019724487,9.516E-06,1.894490079
11-3,10.33,0,EM,LE,SUP,4.4,3,1693.787173,2.956371379,1.031597726,9.71761E-06,1.744496575
11-3,10.33,0,EM,LE,SUP,4.4,4,1534.452845,2.493661053,1.045764105,1.30066E-05,1.606652541
11-3,10.33,0,EM,LE,INF,1.4,1,1589.282878,2.495021043,0.997698484,6.4638E-06,1.541315955
11-3,10.33,0,EM,LE,INF,1.4,2,1745.92264,2.75187847,0.956887803,1.17395E-05,1.576225454
11-3,10.33,0,EM,LE,INF,1.4,3,1632.113879,2.647635227,0.994201803,1.04426E-05,1.615878052
11-3,10.33,0,EM,LE,INF,1.4,4,1643.803163,2.616774054,0.973824565,7.73041E-06,1.589324991
11-3,10.33,0,EM,LE,INF,1.6,1,1598.543192,2.538923738,1.00653437,8.98763E-06,1.567230041
11-3,10.33,0,EM,LE,INF,1.6,2,1745.870648,2.761741339,0.971562183,1.13858E-05,1.580287974
11-3,10.33,0,EM,LE,INF,1.6,3,1643.66836,2.661133213,0.98973031,1.05314E-05,1.613748058
11-3,10.33,0,EM,LE,INF,1.6,4,1579.835604,2.501620945,0.998952818,5.01147E-06,1.577174991
11-3,10.33,0,EM,LE,INF,1.8,1,1584.342863,2.567343829,1.017522345,9.48992E-06,1.592292117
11-3,10.33,0,EM,LE,INF,1.8,2,1750.193725,2.898278852,0.982367018,1.33093E-05,1.655720512
11-3,10.33,0,EM,LE,INF,1.8,3,1658.580868,2.699638099,0.981245376,1.234E-05,1.624306158
11-3,10.33,0,EM,LE,INF,1.8,4,1585.139944,2.489880454,0.989818791,4.79707E-06,1.567046731
11-3,10.33,0,EM,LE,INF,2,1,1583.682948,2.707683571,1.062968549,1.41011E-05,1.657075111
11-3,10.33,0,EM,LE,INF,2,2,1768.04886,2.973937919,0.970202761,1.22556E-05,1.685444988
11-3,10.33,0,EM,LE,INF,2,3,1649.030699,2.671516991,0.981437232,1.14409E-05,1.612033891
11-3,10.33,0,EM,LE,INF,2,4,1561.397728,2.48730765,1.0075436,5.97625E-06,1.574212708
11-3,10.33,0,EM,LE,SUP,2,1,1607.421133,2.543583725,0.995257635,6.55303E-06,1.579881154
11-3,10.33,0,EM,LE,SUP,2,2,1807.909898,3.034378233,0.966095125,1.19293E-05,1.691037968
11-3,10.33,0,EM,LE,SUP,2,3,1601.413051,2.521577215,0.982882594,5.01086E-06,1.569904
11-3,10.33,0,EM,LE,SUP,2,4,1589.193262,2.491265772,0.985883944,4.0597E-06,1.565406652
11-3,10.33,0,EM,LE,SUP,2.2,1,1607.950995,2.547989885,1.007443148,8.25549E-06,1.581947135
11-3,10.33,0,EM,LE,SUP,2.2,2,1745.652111,2.834248602,0.970115442,1.01678E-05,1.624576828
11-3,10.33,0,EM,LE,SUP,2.2,3,1592.922055,2.511921568,0.987760318,5.39129E-06,1.573951645
11-3,10.33,0,EM,LE,SUP,2.2,4,1593.69237,2.50881716,0.986673976,4.9742E-06,1.571515768
11-3,10.33,0,EM,LE,SUP,2.4,1,1634.064831,2.549175191,0.996433933,9.22104E-06,1.551339633
11-3,10.33,0,EM,LE,SUP,2.4,2,1746.652003,2.810517209,0.964284473,9.53349E-06,1.607197781
11-3,10.33,0,EM,LE,SUP,2.4,3,1603.751015,2.511570524,0.97419255,5.12194E-06,1.561983874
11-3,10.33,0,EM,LE,SUP,2.4,4,1618.010494,2.543960172,0.973052365,5.09121E-06,1.570431957
11-3,7.13,3.21,LM,RE,INF,1.8,1,1491.924333,2.524023047,1.075792675,4.90948E-07,1.624820696
11-3,7.13,3.21,LM,RE,INF,1.8,2,1680.434921,2.708196168,1.042305588,7.78024E-06,1.599920793
11-3,7.13,3.21,LM,RE,INF,1.8,3,1784.894535,2.981806533,0.975903639,9.14234E-06,1.673649577
11-3,7.13,3.21,LM,RE,INF,1.8,4,1780.400811,3.102281151,0.984865088,7.54622E-06,1.74425303
11-3,7.13,3.21,LM,RE,INF,2,1,1553.86622,2.527818216,1.049257413,1.03648E-05,1.612558579
11-3,7.13,3.21,LM,RE,INF,2,2,1826.395103,2.90873505,0.970529223,1.2541E-05,1.593734518
11-3,7.13,3.21,LM,RE,INF,2,3,1761.947383,2.941291733,0.963436255,9.22023E-06,1.668823414
11-3,7.13,3.21,LM,RE,INF,2,4,1576.176455,2.553310334,1.017394221,7.94511E-06,1.612692602
11-3,7.13,3.21,LM,RE,INF,2.2,1,1833.696509,3.064039876,1.009093647,1.17217E-05,1.684976914
11-3,7.13,3.21,LM,RE,INF,2.2,2,1809.231102,3.039333458,0.961380775,1.08128E-05,1.681042214
11-3,7.13,3.21,LM,RE,INF,2.2,3,1640.68698,2.705152039,0.999104153,9.26936E-06,1.63160906
11-3,7.13,3.21,LM,RE,INF,2.2,4,1530.983895,2.546870339,1.051575237,1.553E-06,1.618643116
11-3,7.13,3.21,LM,RE,INF,2.8,1,1498.071788,2.413018286,1.060646626,1.51134E-06,1.598645422
11-3,7.13,3.21,LM,RE,INF,2.8,2,1604.029021,2.639973728,1.019559246,8.27301E-06,1.634515072
11-3,7.13,3.21,LM,RE,INF,2.8,3,1762.505519,3.018808456,0.984065837,9.74327E-06,1.714965213
11-3,7.13,3.21,LM,RE,INF,2.8,4,1758.88128,2.990947169,0.98274784,8.49089E-06,1.699129175
11-3,7.13,3.21,LM,RE,INF,3,1,1651.295265,2.84170612,1.036409859,7.31504E-06,1.714980154
11-3,7.13,3.21,LM,RE,INF,3,2,1786.654685,3.144292038,0.990807613,9.47836E-06,1.765268556
11-3,7.13,3.21,LM,RE,INF,3,3,1728.789502,2.866611304,0.973830217,1.09618E-05,1.655085755
11-3,7.13,3.21,LM,RE,INF,3,4,1605.842159,2.556476902,0.99331634,4.96774E-06,1.590808246
11-3,7.13,3.21,LM,RE,INF,3.2,1,1765.779525,3.074316648,0.990380434,8.01301E-06,1.742271845
11-3,7.13,3.21,LM,RE,INF,3.2,2,1744.212932,2.910465953,0.972390769,9.20654E-06,1.666995829
11-3,7.13,3.21,LM,RE,INF,3.2,3,1581.356184,2.575182263,1.022654538,7.45436E-06,1.622506828
11-3,7.13,3.21,LM,RE,INF,3.2,4,1611.295745,2.555026611,0.985404035,1.2255E-06,1.580335279
11-3,7.13,3.21,LM,RE,INF,3.4,1,1742.283959,2.962138507,0.998065485,9.6346E-06,1.696926788
11-3,7.13,3.21,LM,RE,INF,3.4,2,1767.299724,2.982022479,0.967102251,1.16771E-05,1.685979719
11-3,7.13,3.21,LM,RE,INF,3.4,3,1643.989622,2.702004556,0.995798085,9.31309E-06,1.635336057
11-3,7.13,3.21,LM,RE,INF,3.4,4,1626.427736,2.658345338,0.995726154,3.75428E-06,1.618410503
11-3,7.13,3.21,LM,RE,INF,3.6,1,1494.544397,2.419974135,1.047499597,1.30594E-06,1.587123066
11-3,7.13,3.21,LM,RE,INF,3.6,2,1522.749558,2.553844686,1.072512458,4.83653E-06,1.661348558
11-3,7.13,3.21,LM,RE,INF,3.6,3,1743.722085,3.056653507,1.004494783,9.66787E-06,1.752640099
11-3,7.13,3.21,LM,RE,INF,3.6,4,1798.106648,3.123296402,0.982979955,1.10916E-05,1.735268061
11-3,7.13,3.21,LM,RE,INF,3.8,1,1495.079782,2.469331538,1.074846957,4.14163E-06,1.6340815
11-3,7.13,3.21,LM,RE,INF,3.8,2,1685.159195,2.952535902,1.0242021,8.17446E-06,1.750545623
11-3,7.13,3.21,LM,RE,INF,3.8,3,1769.593648,3.239910607,1.041494563,7.93052E-06,1.844138732
11-3,7.13,3.21,LM,RE,INF,3.8,4,1729.470624,2.902615316,0.977943574,1.21421E-05,1.683082295
11-3,7.13,3.21,LM,RE,INF,4,1,1488.161696,2.530982888,1.132471852,6.12185E-07,1.700717408
11-3,7.13,3.21,LM,RE,INF,4,2,1555.77431,2.704533055,1.062960224,7.88265E-06,1.738568347
11-3,7.13,3.21,LM,RE,INF,4,3,1653.500372,2.881534094,1.018240049,9.49579E-06,1.740681178
11-3,7.13,3.21,LM,RE,INF,4,4,1731.716552,3.057655806,1.020617926,1.04742E-05,1.765341981
11-3,7.13,3.21,LM,RE,INF,4.2,1,1592.713986,2.707165428,1.018953752,1.10923E-05,1.709816001
11-3,7.13,3.21,LM,RE,INF,4.2,2,1679.316759,2.896837886,1.027748892,1.95396E-05,1.728436135
11-3,7.13,3.21,LM,RE,INF,4.2,3,1569.893843,2.578346549,1.045768733,1.61289E-05,1.639980918
11-3,7.13,3.21,LM,RE,INF,2,1,1525.880684,2.486453615,1.075696866,1.36043E-05,1.629118739
11-3,7.13,3.21,LM,RE,INF,2,2,1775.020331,2.834599832,0.968709882,1.19632E-05,1.597587544
11-3,7.13,3.21,LM,RE,INF,2,3,1657.568091,2.781455063,1.01773993,1.34952E-05,1.67725385
11-3,7.13,3.21,LM,RE,INF,2,4,1520.419683,2.493510241,1.070061306,8.2815E-06,1.628463086
11-3,7.13,3.21,LM,RE,INF,2.2,1,1557.609854,2.672067123,1.078905934,1.40042E-05,1.712116767
11-3,7.13,3.21,LM,RE,INF,2.2,2,1725.591495,2.964224053,1.005157629,1.34769E-05,1.714876373
11-3,7.13,3.21,LM,RE,INF,2.2,3,1679.715579,2.889257228,1.023329273,1.6378E-05,1.717933203
11-3,7.13,3.21,LM,RE,INF,2.2,4,1560.73096,2.603359823,1.062593358,1.00539E-05,1.658101798
11-3,7.13,3.21,LM,RE,INF,2.4,1,1524.053922,2.449148005,1.054044414,1.32035E-05,1.605297032
11-3,7.13,3.21,LM,RE,INF,2.4,2,1623.929094,2.661498539,1.020362141,1.59308E-05,1.635997115
11-3,7.13,3.21,LM,RE,INF,2.4,3,1667.209468,2.927871363,1.053176165,1.45543E-05,1.754760361
11-3,7.13,3.21,LM,RE,INF,2.4,4,1533.580197,2.562842443,1.079239837,1.23432E-05,1.657077488
11-3,7.13,3.21,LM,RE,INF,1.2,1,1579.352534,2.69621393,1.099397847,9.75602E-06,1.741061828
11-3,7.13,3.21,LM,RE,INF,1.2,2,1758.623836,3.260617361,1.060330371,1.09671E-05,1.864080356
11-3,7.13,3.21,LM,RE,INF,1.2,3,1588.985124,2.650935462,1.044528102,1.00655E-05,1.664396179
11-3,7.13,3.21,LM,RE,INF,1.2,4,1503.364279,2.405303629,1.051038964,5.74746E-06,1.588246851
11-3,7.13,3.21,LM,RE,INF,1.4,1,1518.23326,2.650633549,1.125481148,5.95619E-06,1.758248512
11-3,7.13,3.21,LM,RE,INF,1.4,2,1772.276158,3.31183931,1.073035115,9.53299E-06,1.90324041
11-3,7.13,3.21,LM,RE,INF,1.4,3,1596.473044,2.655548596,1.039861047,1.10972E-05,1.660407898
11-3,7.13,3.21,LM,RE,INF,1.4,4,1521.86259,2.456753933,1.047995684,5.77733E-06,1.596937468
11-3,7.13,3.21,LM,RE,INF,1.6,1,1631.520797,2.901979707,1.042411624,5.65103E-06,1.832135885
11-3,7.13,3.21,LM,RE,INF,1.6,2,1813.868953,3.362391113,1.054688163,6.66253E-06,1.914574311
11-3,7.13,3.21,LM,RE,INF,1.6,3,1619.088193,2.719586649,1.037096057,1.13394E-05,1.680442387
11-3,7.13,3.21,LM,RE,INF,1.6,4,1541.17084,2.476294829,1.032367665,5.5609E-06,1.592317428
12-1,6.96,0,EM,LE,INF,2.6,1,1621.407224,2.531197509,0.989001987,7.05888E-06,1.55662801
12-1,6.96,0,EM,LE,INF,2.6,2,1799.885493,2.869761713,0.944518665,1.16544E-05,1.594938625
12-1,6.96,0,EM,LE,INF,2.6,3,1783.541427,2.972017111,0.95554238,1.22017E-05,1.669400456
12-1,6.96,0,EM,LE,INF,2.6,4,1585.845482,2.526485563,1.003130228,6.05315E-06,1.590767222
12-1,6.96,0,EM,LE,INF,2.8,1,1586.09647,2.52925227,1.008205394,6.74991E-06,1.588996915
12-1,6.96,0,EM,LE,INF,2.8,2,1785.981292,2.857129533,0.940461135,1.10354E-05,1.596642633
12-1,6.96,0,EM,LE,INF,2.8,3,1804.216822,3.03456367,0.95492533,1.24833E-05,1.683143651
12-1,6.96,0,EM,LE,INF,2.8,4,1597.45467,2.542187066,0.996247785,6.06939E-06,1.589316429
12-1,6.96,0,EM,LE,INF,3,1,1587.841778,2.520291822,1.007281259,5.67135E-06,1.585140356
12-1,6.96,0,EM,LE,INF,3,2,1806.773068,2.919427333,0.956140404,1.2798E-05,1.615486804
12-1,6.96,0,EM,LE,INF,3,3,1776.649578,2.954701969,0.957541728,1.07041E-05,1.660026217
12-1,6.96,0,EM,LE,INF,3,4,1612.938952,2.60258803,0.99947074,6.5889E-06,1.612192429
12-1,6.96,0,EM,LE,INF,3.2,1,1579.307644,2.555394205,1.013013427,7.6895E-06,1.59327069
12-1,6.96,0,EM,LE,INF,3.2,2,1851.458019,3.096495027,0.952181656,1.34123E-05,1.701182309
12-1,6.96,0,EM,LE,INF,3.2,3,1739.045336,2.817358215,0.948665879,1.12845E-05,1.617710206
12-1,6.96,0,EM,LE,INF,3.2,4,1582.989739,2.564810391,1.023178945,6.85944E-06,1.618964859
12-1,6.96,0,EM,LE,INF,3.4,1,1555.739558,2.492082902,1.023330244,7.90559E-06,1.588141785
12-1,6.96,0,EM,LE,INF,3.4,2,1775.277894,2.978512022,0.962904966,1.37197E-05,1.676931296
12-1,6.96,0,EM,LE,INF,3.4,3,1695.593893,2.744569994,0.959345961,1.14978E-05,1.617109116
12-1,6.96,0,EM,LE,INF,3.4,4,1552.398562,2.461580896,1.016542357,5.64969E-06,1.578303202
12-1,6.96,0,EM,LE,INF,3.6,1,1536.400098,2.525239153,1.062599517,6.55708E-06,1.634675759
12-1,6.96,0,EM,LE,INF,3.6,2,1768.080531,3.003064114,0.967564889,1.30541E-05,1.696629455
12-1,6.96,0,EM,LE,INF,3.6,3,1718.8009,2.793100218,0.958860156,1.24359E-05,1.622484881
12-1,6.96,0,EM,LE,INF,3.6,4,1534.517402,2.453508667,1.033045295,5.73339E-06,1.586274768
12-1,6.96,0,EM,LE,INF,3.8,1,1620.246759,2.750812826,1.056323303,1.06119E-05,1.720056671
12-1,6.96,0,EM,LE,INF,3.8,2,1761.042177,2.988732527,0.975055016,1.46573E-05,1.701278102
12-1,6.96,0,EM,LE,INF,3.8,3,1678.346977,2.733818745,0.97261517,1.21063E-05,1.626109862
12-1,6.96,0,EM,LE,INF,3.8,4,1505.206332,2.42278762,1.05876553,7.6712E-06,1.596371473
12-1,6.96,0,EM,LE,INF,4,1,1716.67132,2.886872312,1.00424112,1.42746E-05,1.695135653
12-1,6.96,0,EM,LE,INF,4,2,1707.3994,2.934858755,1.008863511,1.40867E-05,1.717098284
12-1,6.96,0,EM,LE,INF,4,3,1634.620071,2.649308627,0.990599555,1.1619E-05,1.618350855
12-1,6.96,0,EM,LE,INF,4,4,1494.359373,2.406605428,1.070358822,8.56396E-06,1.601426044
12-1,6.96,0,EM,LE,INF,4.2,1,1752.388929,3.083391188,0.999858294,1.28101E-05,1.766892015
12-1,6.96,0,EM,LE,INF,4.2,2,1697.093846,2.874891181,0.998436672,1.29773E-05,1.691891113
12-1,6.96,0,EM,LE,INF,4.2,3,1647.082961,2.681743205,0.988758462,1.02955E-05,1.626927276
12-1,6.96,0,EM,LE,INF,4.2,4,1504.668037,2.396094921,1.0511468,9.62823E-06,1.581402953
12-1,6.96,0,EM,LE,INF,4.4,1,1719.580273,2.954498743,1.010242356,1.1283E-05,1.731300356
12-1,6.96,0,EM,LE,INF,4.4,2,1692.52785,2.878833505,1.004849802,1.16408E-05,1.69980819
12-1,6.96,0,EM,LE,INF,4.4,3,1616.34065,2.601728747,0.995797095,9.53681E-06,1.607594348
12-1,6.96,0,EM,LE,INF,4.4,4,1509.53789,2.399432866,1.041664321,8.54054E-06,1.580025621
12-1,6.96,0,EM,LE,INF,4.6,1,1692.191234,2.767991552,0.979936982,1.26519E-05,1.641166601
12-1,6.96,0,EM,LE,INF,4.6,2,1680.647892,2.76102649,0.97852211,1.21312E-05,1.641965718
12-1,6.96,0,EM,LE,INF,4.6,3,1605.033596,2.60845613,1.012120433,8.2497E-06,1.623716789
12-1,6.96,0,EM,LE,INF,4.6,4,1523.448405,2.448188058,1.052610025,1.08759E-05,1.604108355
12-1,6.96,0,EM,LE,INF,4.8,1,1751.954043,3.02958434,0.997380484,8.52943E-06,1.732798386
12-1,6.96,0,EM,LE,INF,4.8,2,1709.216813,2.916587654,0.997776294,1.3141E-05,1.705379634
12-1,6.96,0,EM,LE,INF,4.8,3,1605.662776,2.60284475,1.009221262,8.9325E-06,1.619778391
12-1,6.96,0,EM,LE,INF,4.8,4,1499.00403,2.420689864,1.068176405,9.29441E-06,1.601357487
12-1,6.96,0,EM,LE,SUP,3,1,1608.350544,2.602327329,0.999913731,1.03377E-05,1.601956303
12-1,6.96,0,EM,LE,SUP,3,2,1727.81685,2.803363066,0.953936688,1.41495E-05,1.620986884
12-1,6.96,0,EM,LE,SUP,3,3,1801.163676,3.047141228,0.961759148,1.33865E-05,1.689102906
12-1,6.96,0,EM,LE,SUP,3,4,1605.971747,2.548909791,0.988914097,7.29256E-06,1.58464759
12-1,6.96,0,EM,LE,SUP,3.2,1,1544.344961,2.565659916,1.067711991,4.26972E-06,1.652777339
12-1,6.96,0,EM,LE,SUP,3.2,2,1776.292053,3.032692252,0.967725559,1.24326E-05,1.706193238
12-1,6.96,0,EM,LE,SUP,3.2,3,1647.517834,2.651866764,0.979196846,1.15839E-05,1.608268833
12-1,6.96,0,EM,LE,SUP,3.2,4,1570.739017,2.474146121,1.002557455,5.88996E-06,1.574921011
12-1,6.96,0,EM,LE,SUP,3.4,1,1570.902161,2.59541722,1.056117825,8.03503E-06,1.652511485
12-1,6.96,0,EM,LE,SUP,3.4,2,1743.506473,2.878822833,0.968736174,1.27742E-05,1.660087254
12-1,6.96,0,EM,LE,SUP,3.4,3,1635.304442,2.619303208,0.979216994,9.59726E-06,1.600225415
12-1,6.96,0,EM,LE,SUP,3.4,4,1587.040257,2.496141898,0.991152896,5.90211E-06,1.572692752
12-1,6.96,0,EM,LE,SUP,3.6,1,1555.388212,2.598859123,1.073086777,7.84748E-06,1.664148118
12-1,6.96,0,EM,LE,SUP,3.6,2,1811.350101,3.03831087,0.968095834,1.38672E-05,1.688578657
12-1,6.96,0,EM,LE,SUP,3.6,3,1645.865068,2.66253992,0.982554883,1.0525E-05,1.615732336
12-1,6.96,0,EM,LE,SUP,3.6,4,1567.482335,2.472527711,1.00287116,6.85977E-06,1.570586519
12-1,6.96,0,EM,LE,SUP,3.8,1,1549.359143,2.616713717,1.078527232,6.22466E-06,1.678083946
12-1,6.96,0,EM,LE,SUP,3.8,2,1846.520646,3.234415212,0.977991788,1.18108E-05,1.759320431
12-1,6.96,0,EM,LE,SUP,3.8,3,1729.478815,2.830275705,0.964600154,1.09486E-05,1.633492875
12-1,6.96,0,EM,LE,SUP,3.8,4,1609.84427,2.546789736,0.983253243,8.90549E-06,1.57975411
12-1,6.96,0,EM,LE,INF,2,1,1634.316055,2.642559801,1.034584246,3.41646E-06,1.629247401
12-1,6.96,0,EM,LE,INF,2,2,1839.311275,3.071241429,0.946165168,1.22567E-05,1.680897344
12-1,6.96,0,EM,LE,INF,2,3,1854.459296,3.221442939,0.960249896,1.46742E-05,1.749756128
12-1,6.96,0,EM,LE,INF,2,4,1676.113288,2.73096343,0.973511091,9.29914E-06,1.627652626
12-1,6.96,0,EM,LE,INF,2.2,1,1595.455719,2.656415195,1.041911414,5.09872E-06,1.664135823
12-1,6.96,0,EM,LE,INF,2.2,2,1866.727865,3.229485961,0.961963259,1.30241E-05,1.75461751
12-1,6.96,0,EM,LE,INF,2.2,3,1900.066561,3.252487936,0.952569761,1.55448E-05,1.731630275
12-1,6.96,0,EM,LE,INF,2.2,4,1750.434252,2.97900431,0.976424466,1.05438E-05,1.700004111
12-1,6.96,0,EM,LE,SUP,2.4,1,1564.948747,2.579241281,1.084997808,6.54095E-06,1.689770574
12-1,6.96,0,EM,LE,SUP,2.4,2,1766.901159,3.099321924,1.000450568,1.43779E-05,1.767815134
12-1,6.96,0,EM,LE,SUP,2.4,3,1659.141489,2.732162812,0.993553456,1.0103E-05,1.646216109
12-1,6.96,0,EM,LE,SUP,2.4,4,1571.466189,2.494366822,1.010106205,8.39756E-06,1.586007031
12-1,6.96,0,EM,LE,INF,0,1,1652.46513,2.701659439,0.994278931,8.41837E-06,1.632067714
12-1,6.96,0,EM,LE,INF,0,2,1844.159399,3.176246729,0.956022334,1.35333E-05,1.72394297
12-1,6.96,0,EM,LE,INF,0,3,1746.430967,2.83425309,0.943514807,7.54621E-06,1.621198291
12-1,6.96,0,EM,LE,INF,0,4,1695.548307,2.667150036,0.937869516,5.63135E-06,1.570884992
12-1,6.96,0,EM,LE,INF,0,1,1674.87268,2.765019639,0.994406903,9.96761E-06,1.660775071
12-1,6.96,0,EM,LE,INF,0,2,1888.602231,3.220186494,0.948240135,1.40618E-05,1.730377292
12-1,6.96,0,EM,LE,INF,0,3,1785.484834,3.028877459,0.958057682,8.2037E-06,1.694349873
12-1,6.96,0,EM,LE,INF,0,4,1696.575631,2.672221646,0.938072384,6.59556E-06,1.572656495
12-1,-2.33,9.29,HM,RE,INF,3.6,1,1516.793829,2.485295101,1.072492483,4.94758E-06,1.634303042
12-1,-2.33,9.29,HM,RE,INF,3.6,2,1767.825548,3.032641023,0.986392546,1.93915E-05,1.727661109
12-1,-2.33,9.29,HM,RE,INF,3.6,3,1614.590892,2.602882233,0.997634903,8.99568E-06,1.610106185
12-1,-2.33,9.29,HM,RE,INF,3.6,4,1535.613188,2.432286416,1.024109913,5.16398E-06,1.573278345
12-1,-2.33,9.29,HM,RE,INF,3.8,1,1547.357924,2.603956342,1.074675243,7.52984E-06,1.668726453
12-1,-2.33,9.29,HM,RE,INF,3.8,2,1749.97944,3.007883214,0.992472446,1.78307E-05,1.718592758
12-1,-2.33,9.29,HM,RE,INF,3.8,3,1670.315966,2.746167165,0.986321395,1.16614E-05,1.642114005
12-1,-2.33,9.29,HM,RE,INF,3.8,4,1554.04921,2.43498964,1.007313425,5.02924E-06,1.56296921
12-1,-2.33,9.29,HM,RE,INF,4,1,1533.68892,2.536712855,1.064437156,4.3433E-06,1.641138673
12-1,-2.33,9.29,HM,RE,INF,4,2,1750.722895,2.997354933,0.980884699,1.63938E-05,1.711028579
12-1,-2.33,9.29,HM,RE,INF,4,3,1689.502169,2.712927701,0.95558517,1.03447E-05,1.603220036
12-1,-2.33,9.29,HM,RE,INF,4,4,1583.321521,2.497029752,0.99524308,6.99443E-06,1.573495048
12-1,-2.33,9.29,HM,RE,INF,4.2,1,1544.900659,2.565742779,1.066796948,4.5084E-06,1.657856269
12-1,-2.33,9.29,HM,RE,INF,4.2,2,1742.649146,2.974500464,0.982033999,1.54307E-05,1.705770755
12-1,-2.33,9.29,HM,RE,INF,4.2,3,1684.690665,2.732386302,0.964329205,1.09035E-05,1.619417699
12-1,-2.33,9.29,HM,RE,INF,4.2,4,1553.950002,2.441465134,1.010535673,3.66021E-06,1.568959315
12-1,-2.33,9.29,HM,RE,INF,4.4,1,1562.377923,2.570795309,1.055773967,5.5615E-06,1.640707614
12-1,-2.33,9.29,HM,RE,INF,4.4,2,1741.363852,2.84611074,0.955926102,1.44995E-05,1.634694354
12-1,-2.33,9.29,HM,RE,INF,4.4,3,1681.140828,2.744100139,0.971623654,1.20594E-05,1.631386965
12-1,-2.33,9.29,HM,RE,INF,4.4,4,1566.540887,2.467201848,1.00376057,3.89182E-06,1.572037156
12-1,-2.33,9.29,HM,RE,SUP,3.2,1,1549.854575,2.445459982,1.013902406,4.71664E-06,1.571130562
12-1,-2.33,9.29,HM,RE,SUP,3.2,2,1709.48433,2.748099441,0.952246558,1.18111E-05,1.606596882
12-1,-2.33,9.29,HM,RE,SUP,3.2,3,1663.999174,2.686257225,0.975737668,8.86841E-06,1.61223617
12-1,-2.33,9.29,HM,RE,SUP,3.2,4,1639.692405,2.672253072,0.992131936,5.94957E-06,1.626652829
12-1,-2.33,9.29,HM,RE,SUP,3.4,1,1586.039303,2.542441159,1.009372985,6.37268E-06,1.598681789
12-1,-2.33,9.29,HM,RE,SUP,3.4,2,1733.446004,2.843871307,0.949624189,1.04336E-05,1.639627226
12-1,-2.33,9.29,HM,RE,SUP,3.4,3,1784.081074,2.979585932,0.956539078,1.22903E-05,1.669455656
12-1,-2.33,9.29,HM,RE,SUP,3.4,4,1684.96601,2.710086898,0.960143642,8.04847E-06,1.606275263
12-1,-2.33,9.29,HM,RE,SUP,3.6,1,1572.935435,2.516551532,1.014901029,5.84741E-06,1.59283041
12-1,-2.33,9.29,HM,RE,SUP,3.6,2,1710.325868,2.735305294,0.947637389,9.99404E-06,1.597376563
12-1,-2.33,9.29,HM,RE,SUP,3.6,3,1762.86303,2.915358885,0.953972456,9.49404E-06,1.651643673
12-1,-2.33,9.29,HM,RE,SUP,3.6,4,1620.907728,2.569196022,0.981016631,6.63643E-06,1.581963633
12-1,-2.33,9.29,HM,RE,SUP,3.8,1,1547.015722,2.461877909,1.016885373,7.82498E-06,1.573872016
12-1,-2.33,9.29,HM,RE,SUP,3.8,2,1696.777653,2.71138095,0.950609321,9.23432E-06,1.594615422
12-1,-2.33,9.29,HM,RE,SUP,3.8,3,1787.243641,3.103628153,0.981171634,8.93499E-06,1.735449232
12-1,-2.33,9.29,HM,RE,SUP,3.8,4,1582.541886,2.511944683,1.004484296,6.17469E-06,1.582720778
12-1,-2.33,9.29,HM,RE,SUP,4,1,1537.89415,2.459534875,1.034066059,6.80299E-06,1.59044451
12-1,-2.33,9.29,HM,RE,SUP,4,2,1704.825218,2.708687662,0.946386629,9.9927E-06,1.587122102
12-1,-2.33,9.29,HM,RE,SUP,4,3,1732.153325,2.978919957,0.993099519,7.67421E-06,1.717938402
12-1,-2.33,9.29,HM,RE,SUP,4,4,1570.304413,2.515836335,1.017223572,7.80852E-06,1.596338985
12-1,-2.33,9.29,HM,RE,SUP,4.2,1,1546.117415,2.50354783,1.044895341,3.14059E-06,1.606928923
12-1,-2.33,9.29,HM,RE,SUP,4.2,2,1752.320637,2.967219675,0.974355783,7.2454E-06,1.690467896
12-1,-2.33,9.29,HM,RE,SUP,4.2,3,1772.07582,3.051759324,0.977677728,7.86181E-06,1.720914653
12-1,-2.33,9.29,HM,RE,SUP,4.2,4,1647.458898,2.675587418,0.985406229,9.04537E-06,1.622598803
12-1,-2.33,9.29,HM,RE,SUP,4.4,1,1573.244056,2.575211707,1.052165419,2.3756E-06,1.631391189
12-1,-2.33,9.29,HM,RE,SUP,4.4,2,1794.42697,2.969933994,0.951099105,9.34851E-06,1.654090623
12-1,-2.33,9.29,HM,RE,SUP,4.4,3,1767.712403,3.04897612,0.980689498,8.10084E-06,1.723317542
12-1,-2.33,9.29,HM,RE,SUP,4.4,4,1612.844606,2.554307378,0.981523273,6.9683E-06,1.581331102
12-1,-2.33,9.29,HM,RE,SUP,4.6,1,1569.441993,2.603882641,1.070562343,1.99395E-06,1.65733372
12-1,-2.33,9.29,HM,RE,SUP,4.6,2,1878.668269,3.139042229,0.948279914,1.07926E-05,1.669248277
12-1,-2.33,9.29,HM,RE,SUP,4.6,3,1777.435768,2.975224888,0.954447941,1.05108E-05,1.67217414
12-1,-2.33,9.29,HM,RE,SUP,4.6,4,1634.377923,2.614994146,0.979661348,9.7708E-06,1.597327478
12-1,-2.33,9.29,HM,RE,INF,2,1,1834.109885,2.997952448,1.058130516,2.39129E-05,1.781348615
12-1,-2.33,9.29,HM,RE,INF,2,2,1656.710055,2.90299511,1.066773083,1.44018E-05,1.764480684
12-1,-2.33,9.29,HM,RE,INF,2,3,1544.724866,2.546954336,1.059252094,1.57872E-05,1.640896734
12-1,-2.33,9.29,HM,RE,INF,2,4,1497.439347,2.504175588,1.090822126,3.96179E-06,1.664648051
12-1,-2.33,9.29,HM,RE,SUP,2,1,1564.163818,2.510884082,1.018881637,8.4576E-06,1.590769445
12-1,-2.33,9.29,HM,RE,SUP,2,2,1707.698789,2.795984557,0.970065415,1.56559E-05,1.634698588
12-1,-2.33,9.29,HM,RE,SUP,2,3,1648.312688,2.723499796,0.998713637,1.28142E-05,1.645542344
12-1,-2.33,9.29,HM,RE,SUP,2,4,1556.561453,2.487022444,1.025213511,5.38838E-06,1.594390724
12-1,-2.33,9.29,HM,RE,SUP,2.2,1,1614.70633,2.636976729,1.019629406,9.78365E-06,1.62499428
12-1,-2.33,9.29,HM,RE,SUP,2.2,2,1735.412624,2.895507755,0.96842747,1.50622E-05,1.670572312
12-1,-2.33,9.29,HM,RE,SUP,2.2,3,1647.375859,2.739458806,1.007922988,1.20873E-05,1.65859837
12-1,-2.33,9.29,HM,RE,SUP,2.2,4,1623.065983,2.701866387,1.023349823,7.3607E-06,1.661358231
12-1,-2.33,9.29,HM,RE,INF,1.6,1,1532.572175,2.536656907,1.058537693,7.19612E-06,1.630195702
12-1,-2.33,9.29,HM,RE,INF,1.6,2,1777.197874,3.058540904,0.974068779,1.48216E-05,1.720937821
12-1,-2.33,9.29,HM,RE,INF,1.6,3,1751.438562,2.993134627,0.981441528,1.21204E-05,1.706643274
12-1,-2.33,9.29,HM,RE,INF,1.6,4,1599.72391,2.546575867,0.992580978,6.24091E-06,1.586550408
12-1,-2.33,9.29,HM,RE,INF,1.8,1,1567.566858,2.536409869,1.025848551,6.28245E-06,1.607261714
12-1,-2.33,9.29,HM,RE,INF,1.8,2,1831.629564,3.210027733,0.969325189,1.27488E-05,1.759004577
12-1,-2.33,9.29,HM,RE,INF,1.8,3,1743.634155,2.959721927,0.985805368,1.0972E-05,1.694852704
12-1,-2.33,9.29,HM,RE,INF,1.8,4,1575.683358,2.500549624,1.005728488,6.1414E-06,1.584181667
12-1,-2.33,9.29,HM,RE,INF,2,1,1545.294426,2.503040869,1.037903725,5.72876E-06,1.603631116
12-1,-2.33,9.29,HM,RE,INF,2,2,1803.943066,3.125570011,0.979889163,1.37801E-05,1.730209643
12-1,-2.33,9.29,HM,RE,INF,2,3,1746.413418,2.933090941,0.974228893,1.0664E-05,1.677663248
12-1,-2.33,9.29,HM,RE,INF,2,4,1570.702279,2.509931255,1.016872386,5.62234E-06,1.59627532
12-1,-2.33,9.29,HM,RE,INF,2.2,1,1601.384928,2.614140509,1.024946081,1.1457E-05,1.629036817
12-1,-2.33,9.29,HM,RE,INF,2.2,2,1829.561482,3.2272057,0.987057526,1.01834E-05,1.802776416
12-1,-2.33,9.29,HM,RE,INF,2.2,3,1654.644322,2.71685517,0.99298544,7.28107E-06,1.640631177
12-1,-2.33,9.29,HM,RE,INF,2.2,4,1537.934942,2.446327488,1.022677464,4.75462E-06,1.574092048
12-2,6.58,0,EM,LE,SUP,3.8,1,1531.620228,2.40578057,1.019474666,5.88322E-06,1.563145048
12-2,6.58,0,EM,LE,SUP,3.8,2,1777.009808,2.977344363,0.961616364,1.4277E-05,1.671696864
12-2,6.58,0,EM,LE,SUP,3.8,3,1863.384899,3.136517161,0.952719802,1.78894E-05,1.70370731
12-2,6.58,0,EM,LE,SUP,3.8,4,1582.751119,2.479587424,0.993702912,5.21792E-06,1.56228719
12-2,6.58,0,EM,LE,SUP,4,1,1519.94531,2.405531822,1.035175443,3.20228E-06,1.576082952
12-2,6.58,0,EM,LE,SUP,4,2,1845.082045,3.216712559,0.97957064,9.58916E-06,1.783430412
12-2,6.58,0,EM,LE,SUP,4,3,1834.357887,3.112597266,0.983270676,9.89659E-06,1.791989384
12-2,6.58,0,EM,LE,SUP,4,4,1562.759564,2.48797558,1.012783284,5.02504E-06,1.581297241
12-2,6.58,0,EM,LE,SUP,4.2,1,1534.786822,2.495479768,1.05652201,4.55556E-06,1.616234263
12-2,6.58,0,EM,LE,SUP,4.2,2,1830.624908,3.237739214,0.985091642,7.40266E-06,1.772193918
12-2,6.58,0,EM,LE,SUP,4.2,3,1859.034872,3.342127943,0.998962554,1.14047E-05,1.855601827
12-2,6.58,0,EM,LE,SUP,4.2,4,1566.248226,2.529467645,1.021713698,5.97074E-06,1.598153835
12-2,6.58,0,EM,LE,SUP,4.4,1,1527.254181,2.441769102,1.041682031,1.06594E-05,1.591189615
12-2,6.58,0,EM,LE,SUP,4.4,2,1779.616524,3.042966067,0.972103362,1.19346E-05,1.706180681
12-2,6.58,0,EM,LE,SUP,4.4,3,1857.785005,3.321267556,0.990989937,1.19799E-05,1.834816347
12-2,6.58,0,EM,LE,SUP,4.4,4,1623.431385,2.657771437,0.997278882,8.63497E-06,1.607808189
12-2,6.58,0,EM,LE,SUP,4.6,1,1504.657033,2.433323404,1.055430826,7.78989E-06,1.591593503
12-2,6.58,0,EM,LE,SUP,4.6,2,1790.271042,3.114704568,0.994788057,1.02791E-05,1.773058856
12-2,6.58,0,EM,LE,SUP,4.6,3,1822.841544,3.248199684,0.990227641,1.23654E-05,1.801100798
12-2,6.58,0,EM,LE,SUP,4.6,4,1624.149859,2.691367515,1.007792152,1.08573E-05,1.640063729
12-4,6.5,0,EM,LE,INF,1.6,1,1569.413157,2.591882546,1.037282191,6.62652E-06,1.622825526
12-4,6.5,0,EM,LE,INF,1.6,2,1723.526298,2.930631304,0.993692417,1.30893E-05,1.698524233
12-4,6.5,0,EM,LE,INF,1.6,3,1586.162264,2.560423952,1.012778813,9.86136E-06,1.605485351
12-4,6.5,0,EM,LE,INF,1.6,4,1593.400668,2.512151688,0.989482412,6.9721E-06,1.575056331
12-4,6.5,0,EM,LE,INF,2,1,1585.265444,2.566134965,1.04102234,2.06863E-05,1.612569583
12-4,6.5,0,EM,LE,INF,2,2,1626.491475,2.706675533,1.019467319,1.26869E-05,1.656070567
12-4,6.5,0,EM,LE,INF,2,3,1542.994718,2.456972909,1.027964856,5.77865E-06,1.584878196
12-4,6.5,0,EM,LE,INF,2,4,1520.71355,2.397666542,1.027264462,3.50883E-06,1.565881012
12-4,-0.63,7.13,HM,RE,INF,1.2,1,1542.157793,2.563526775,1.064055605,5.59745E-06,1.64545189
12-4,-0.63,7.13,HM,RE,INF,1.2,2,1787.319595,3.080748079,0.980023769,1.45392E-05,1.72277621
12-4,-0.63,7.13,HM,RE,INF,1.2,3,1677.220057,2.757382436,0.992374706,1.31336E-05,1.642044231
12-4,-0.63,7.13,HM,RE,INF,1.2,4,1556.271579,2.499680395,1.030490979,9.5204E-06,1.601935612
12-4,-0.63,7.13,HM,RE,INF,1.4,1,1580.409639,2.685074225,1.067496596,1.11154E-05,1.686299868
12-4,-0.63,7.13,HM,RE,INF,1.4,2,1808.34534,3.1972266,0.994226902,1.11999E-05,1.772263864
12-4,-0.63,7.13,HM,RE,INF,1.4,3,1683.194807,2.760536968,0.991037699,1.33909E-05,1.638597373
12-4,-0.63,7.13,HM,RE,INF,1.4,4,1578.500562,2.533824578,1.015240351,1.06923E-05,1.599897409
12-4,-0.63,7.13,HM,RE,INF,1.6,1,1540.210919,2.550882065,1.076468155,7.61396E-06,1.651756777
12-4,-0.63,7.13,HM,RE,INF,1.6,2,1796.248142,3.004822264,0.969387118,1.40895E-05,1.670489502
12-4,-0.63,7.13,HM,RE,INF,1.6,3,1702.814761,2.773447249,0.986958363,1.33809E-05,1.627860881
12-4,-0.63,7.13,HM,RE,INF,1.6,4,1565.385171,2.508548611,1.027609422,8.21301E-06,1.596618148
12-4,-0.63,7.13,HM,RE,INF,1.8,1,1550.527664,2.596908963,1.068993013,5.13321E-06,1.663219636
12-4,-0.63,7.13,HM,RE,INF,1.8,2,1793.134773,2.987531763,0.960223658,1.31687E-05,1.663522282
12-4,-0.63,7.13,HM,RE,INF,1.8,3,1684.696552,2.77853975,0.981641716,1.33826E-05,1.647286549
12-4,-0.63,7.13,HM,RE,INF,1.8,4,1527.080931,2.437600519,1.039922362,8.01143E-06,1.588547211
12-4,-0.63,7.13,HM,RE,INF,2,1,1592.347773,2.685265064,1.044838086,6.99086E-06,1.683288179
12-4,-0.63,7.13,HM,RE,INF,2,2,1779.860317,3.014821387,0.968341426,1.14295E-05,1.691174288
12-4,-0.63,7.13,HM,RE,INF,2,3,1682.933914,2.774338954,0.983877878,1.25644E-05,1.646822698
12-4,-0.63,7.13,HM,RE,INF,2,4,1539.119097,2.436855559,1.025641443,5.58069E-06,1.578690245
12-4,-0.63,7.13,HM,RE,INF,2.2,1,1528.339346,2.563266826,1.085215387,6.81861E-06,1.671069396
12-4,-0.63,7.13,HM,RE,INF,2.2,2,1844.064219,3.200306781,0.97540096,1.16781E-05,1.738794713
12-4,-0.63,7.13,HM,RE,INF,2.2,3,1757.352399,2.861298956,0.950440332,1.31916E-05,1.626573613
12-4,-0.63,7.13,HM,RE,INF,2.2,4,1606.621627,2.571504369,0.996303001,8.55146E-06,1.595969385
12-4,-0.63,7.13,HM,RE,INF,2.4,1,1557.170314,2.580005241,1.050453029,6.47022E-06,1.635976824
12-4,-0.63,7.13,HM,RE,INF,2.4,2,1858.050007,3.148823082,0.966482059,1.36568E-05,1.710592398
12-4,-0.63,7.13,HM,RE,INF,2.4,3,1751.768568,2.845127947,0.95060865,1.19806E-05,1.621146545
12-4,-0.63,7.13,HM,RE,INF,2.4,4,1607.824447,2.555409442,0.990833556,7.30423E-06,1.587469522
12-4,-0.63,7.13,HM,RE,SUP,1.8,1,1618.312897,2.616433604,1.015230549,7.17132E-06,1.613409496
12-4,-0.63,7.13,HM,RE,SUP,1.8,2,1795.771696,3.012837483,0.9605902,1.53421E-05,1.676841883
12-4,-0.63,7.13,HM,RE,SUP,1.8,3,1670.15167,2.732598432,0.980162765,1.27973E-05,1.634271859
12-4,-0.63,7.13,HM,RE,SUP,1.8,4,1630.148749,2.608568686,0.981280298,6.76592E-06,1.598774027
12-4,-0.63,7.13,HM,RE,SUP,2,1,1574.473598,2.608754253,1.040465737,5.43939E-06,1.643212662
12-4,-0.63,7.13,HM,RE,SUP,2,2,1781.983581,3.073378406,0.969939278,1.43553E-05,1.724038991
12-4,-0.63,7.13,HM,RE,SUP,2,3,1735.363444,2.869726763,0.96392443,1.20711E-05,1.652278279
12-4,-0.63,7.13,HM,RE,SUP,2,4,1678.658594,2.747130031,0.974902485,1.21574E-05,1.635360672
12-4,-0.63,7.13,HM,RE,SUP,2.2,1,1605.545965,2.611441408,1.009592465,5.56733E-06,1.621705912
12-4,-0.63,7.13,HM,RE,SUP,2.2,2,1799.153835,3.09731313,0.960943057,1.53877E-05,1.719599624
12-4,-0.63,7.13,HM,RE,SUP,2.2,3,1732.760203,2.873097372,0.959669823,1.10872E-05,1.65742707
12-4,-0.63,7.13,HM,RE,SUP,2.2,4,1649.86952,2.580392314,0.95193214,6.63269E-06,1.562036746
12-4,-0.63,7.13,HM,RE,INF,1.4,1,1555.853845,2.62099503,1.070881457,7.41822E-06,1.671433232
12-4,-0.63,7.13,HM,RE,INF,1.4,2,1764.357603,2.980383379,0.974634852,1.41739E-05,1.688067236
12-4,-0.63,7.13,HM,RE,INF,1.4,3,1717.061998,2.804768883,0.969606718,1.30654E-05,1.631704266
12-4,-0.63,7.13,HM,RE,INF,1.4,4,1545.194686,2.405065382,1.005411821,3.0995E-06,1.553549017
12-4,-0.63,7.13,HM,RE,INF,1.6,1,1543.497836,2.548451594,1.056851496,7.85518E-06,1.634104814
12-4,-0.63,7.13,HM,RE,INF,1.6,2,1808.614743,3.140098594,0.976350497,1.21172E-05,1.742289653
12-4,-0.63,7.13,HM,RE,INF,1.6,3,1743.300939,2.850897224,0.961703622,1.31741E-05,1.634768289
12-4,-0.63,7.13,HM,RE,INF,1.6,4,1546.812291,2.429816161,1.013554653,4.09912E-06,1.567691953
12-4,-0.63,7.13,HM,RE,INF,1.8,1,1544.479019,2.526967553,1.058023734,7.78007E-06,1.628590904
12-4,-0.63,7.13,HM,RE,INF,1.8,2,1801.877913,3.018588112,0.963421835,1.57592E-05,1.678032507
12-4,-0.63,7.13,HM,RE,INF,1.8,3,1716.877489,2.773881572,0.963068745,1.26296E-05,1.613775236
12-4,-0.63,7.13,HM,RE,INF,1.8,4,1561.800242,2.437003696,0.999271443,4.30314E-06,1.559239109
12-4,-0.63,7.13,HM,RE,SUP,2,1,1697.337832,2.730449728,0.966406642,6.29891E-06,1.610352488
12-4,-0.63,7.13,HM,RE,SUP,2,2,1872.280131,3.041618505,0.938404465,1.3271E-05,1.629119173
12-4,-0.63,7.13,HM,RE,SUP,2,3,1752.490063,2.777863511,0.932673599,6.4268E-06,1.586186739
12-4,-0.63,7.13,HM,RE,SUP,2,4,1717.079791,2.664670214,0.931050101,3.35175E-06,1.550408232
12-4,-0.63,7.13,HM,RE,SUP,2.2,1,1705.137326,2.74133528,0.963490956,5.1853E-06,1.604427294
12-4,-0.63,7.13,HM,RE,SUP,2.2,2,1860.397372,3.00779095,0.93842718,1.3241E-05,1.615180727
12-4,-0.63,7.13,HM,RE,SUP,2.2,3,1791.845623,2.829032258,0.936968014,8.01944E-06,1.57755513
12-4,-0.63,7.13,HM,RE,SUP,2.2,4,1706.923109,2.675196041,0.946090417,4.17151E-06,1.565660501
24-3,,0,EM,LE,INF,2.2,1,1648.637916,2.576771046,0.959286745,5.38143E-06,1.56288245
24-3,,0,EM,LE,INF,2.2,2,2015.782221,3.012112691,0.952073735,9.05302E-06,1.874736845
24-3,,0,EM,LE,INF,2.2,3,1907.760879,3.177435113,0.937135381,8.06905E-06,1.681706351
24-3,,0,EM,LE,INF,2.2,4,1674.643207,2.70437564,0.970269488,4.81371E-06,1.611687222
24-3,,0,EM,LE,SUP,1.2,1,1597.964404,2.549084679,1.00928278,8.81404E-06,1.6116214
24-3,,0,EM,LE,SUP,1.2,2,2020.359419,3.331931095,0.966686361,1.14833E-05,1.922414838
24-3,,0,EM,LE,SUP,1.2,3,1889.50121,3.197408237,0.957167699,1.57234E-05,1.761368476
24-3,,0,EM,LE,SUP,1.2,4,1666.32689,2.705677311,1.011299516,8.78181E-06,1.61998498
24-3,,0,EM,LE,SUP,1.4,1,1539.816846,2.481033917,1.043150377,7.98976E-06,1.609594184
24-3,,0,EM,LE,SUP,1.4,2,1982.486572,3.146406347,0.984542594,1.23907E-05,1.936989063
24-3,,0,EM,LE,SUP,1.4,3,1865.451643,3.210196539,0.969440223,1.43172E-05,1.793863049
24-3,,0,EM,LE,SUP,1.4,4,1605.273719,2.606439658,1.008738227,6.37369E-06,1.615387655
24-3,,0,EM,LE,SUP,1.6,1,1530.753177,2.53536126,1.080803249,7.92238E-06,1.662116523
24-3,,0,EM,LE,SUP,1.6,2,1939.391483,3.141778005,1.00054966,1.31532E-05,1.927622883
24-3,,0,EM,LE,SUP,1.6,3,1825.957661,3.142331277,0.97531912,1.74111E-05,1.755487056
24-3,,0,EM,LE,SUP,1.6,4,1655.967138,2.720913423,0.996756358,1.03763E-05,1.637119313
24-3,,0,EM,LE,SUP,1.8,1,1560.583931,2.647656475,1.082416554,1.33153E-05,1.725470901
24-3,,0,EM,LE,SUP,1.8,2,1927.438991,3.198299604,1.016387006,1.08477E-05,1.963223592
24-3,,0,EM,LE,SUP,1.8,3,1798.835186,3.181720686,1.005067468,1.60869E-05,1.791607884
24-3,,0,EM,LE,SUP,1.8,4,1595.325182,2.645461457,1.03722336,1.08496E-05,1.650844596
24-3,,0,EM,LE,SUP,2,1,1647.451304,2.909044149,1.03615529,2.0648E-05,1.80509065
24-3,,0,EM,LE,SUP,2,2,1892.481385,3.247133005,1.019502188,1.0238E-05,1.936953382
24-3,,0,EM,LE,SUP,2,3,1774.978871,3.067181282,1.006865263,1.53227E-05,1.785511659
24-3,,0,EM,LE,SUP,2,4,1591.084791,2.630705174,1.03869969,8.62635E-06,1.650922217
24-3,,0,EM,LE,SUP,2.2,1,1731.289297,3.065856924,0.98903094,1.3008E-05,1.830735519
24-3,,0,EM,LE,SUP,2.2,2,1841.34393,3.252412971,1.053166241,1.02471E-05,1.948206321
24-3,,0,EM,LE,SUP,2.2,3,1709.497338,2.959551949,1.013181696,1.41128E-05,1.731658991
24-3,,0,EM,LE,SUP,2.2,4,1545.781814,2.482543345,1.031256836,7.76083E-06,1.592921821
39-2,1.43,0,EM,LE,SUP,4,1,1710.569751,2.687344662,0.951029767,7.30662E-06,1.58077413
39-2,1.43,0,EM,LE,SUP,4,2,2091.749131,3.137744999,0.934756149,1.37963E-05,1.823559298
39-2,1.43,0,EM,LE,SUP,4,3,2004.385784,3.267218046,0.995179385,9.97805E-06,1.690876109
39-2,1.43,0,EM,LE,SUP,4,4,1759.684054,2.736698152,0.947666704,3.56489E-06,1.563432703
39-2,-5.58,7.01,HM,RE,INF,4.8,1,1583.167438,2.478939937,0.990005645,8.62644E-06,1.559308669
39-2,-5.58,7.01,HM,RE,INF,4.8,2,1726.327287,2.801078914,0.951000701,1.04821E-05,1.621500091
39-2,-5.58,7.01,HM,RE,INF,4.8,3,1625.847304,2.558768387,0.968176583,6.68349E-06,1.572050543
39-2,-5.58,7.01,HM,RE,INF,4.8,4,1608.702787,2.522010351,0.977021912,4.78904E-06,1.561259048
9-1,6.33,0,EM,LE,INF,3.2,1,1555.919992,2.440614986,1.001373211,3.67721E-06,1.557203882
9-1,6.33,0,EM,LE,INF,3.2,2,1735.96325,2.771378169,0.94993177,1.2651E-05,1.592860172
9-1,6.33,0,EM,LE,INF,3.2,3,1795.422551,3.004618613,0.956280233,1.19683E-05,1.670792691
9-1,6.33,0,EM,LE,INF,3.2,4,1638.478425,2.625503915,0.976624769,7.33538E-06,1.594238054
9-1,6.33,0,EM,LE,INF,3.4,1,1602.455447,2.577768471,1.000833366,7.92219E-06,1.597944352
9-1,6.33,0,EM,LE,INF,3.4,2,1776.853947,2.898847935,0.950612203,1.12728E-05,1.629567236
9-1,6.33,0,EM,LE,INF,3.4,3,1685.453431,2.658460538,0.946914709,8.13527E-06,1.576203402
9-1,6.33,0,EM,LE,INF,3.4,4,1611.973985,2.609120283,0.997362249,5.71713E-06,1.610147927
9-1,6.33,0,EM,LE,INF,3.6,1,1571.464937,2.547475245,1.028180385,5.7434E-06,1.615715778
9-1,6.33,0,EM,LE,INF,3.6,2,1819.248948,3.007139844,0.949121456,1.28755E-05,1.650046426
9-1,6.33,0,EM,LE,INF,3.6,3,1775.999437,2.961755406,0.957871196,1.05727E-05,1.66646791
9-1,6.33,0,EM,LE,INF,3.6,4,1667.842285,2.655982374,0.961860549,7.10464E-06,1.590781125
9-1,6.33,0,EM,LE,INF,3.8,1,1583.35979,2.541379278,1.015661226,7.90474E-06,1.602027995
9-1,6.33,0,EM,LE,INF,3.8,2,1780.223752,2.963024989,0.95915462,1.15369E-05,1.661709063
9-1,6.33,0,EM,LE,INF,3.8,3,1668.930373,2.633069679,0.94979216,8.22048E-06,1.574835594
9-1,6.33,0,EM,LE,INF,3.8,4,1597.252691,2.57480508,1.005148989,5.37862E-06,1.600666689
9-1,6.33,0,EM,LE,SUP,2.4,1,1673.767087,2.651598381,0.952343516,8.49977E-06,1.572798404
9-1,6.33,0,EM,LE,SUP,2.4,2,1765.316801,2.915383099,0.991699421,1.55959E-05,1.650170014
9-1,6.33,0,EM,LE,SUP,2.4,3,1657.353169,2.690466035,0.999688301,9.4908E-06,1.621671708
9-1,6.33,0,EM,LE,SUP,2.4,4,1572.551392,2.517617317,1.015469316,8.44685E-06,1.595058999
9-1,6.33,0,EM,LE,SUP,4.4,1,1578.166932,2.505672169,1.002313257,8.33291E-06,1.575852585
9-1,6.33,0,EM,LE,SUP,4.4,2,1829.941732,3.099004258,0.946560903,1.63742E-05,1.69414305
9-1,6.33,0,EM,LE,SUP,4.4,3,1731.47875,2.786835568,0.950782293,1.31516E-05,1.606190019
9-1,6.33,0,EM,LE,SUP,4.4,4,1572.424588,2.451349307,0.990923658,3.02279E-06,1.555870717
9-1,0.79,5.54,LM,RE,INF,2,1,1514.979565,2.430041691,1.0297428,7.14027E-06,1.560199327
9-1,0.79,5.54,LM,RE,INF,2,2,1588.252359,2.526313539,0.995990663,9.48803E-06,1.581804948
9-1,0.79,5.54,LM,RE,INF,2,3,1651.766665,2.737589796,1.002153365,9.07238E-06,1.654469062
9-1,0.79,5.54,LM,RE,INF,2,4,1615.693319,2.626282588,1.00147135,7.97467E-06,1.617521708
9-1,0.79,5.54,LM,RE,INF,2.2,1,1506.695311,2.479698632,1.029497975,2.09627E-06,1.563463288
9-1,0.79,5.54,LM,RE,INF,2.2,2,1654.304776,2.706001146,0.984618514,9.00818E-06,1.62612819
9-1,0.79,5.54,LM,RE,INF,2.2,3,1649.494521,2.672861179,0.979877095,8.23738E-06,1.617202767
9-1,0.79,5.54,LM,RE,INF,2.2,4,1613.9177,2.620759894,0.99358764,6.01909E-06,1.605843991
9-1,0.79,5.54,LM,RE,INF,2.4,1,1514.057709,2.432761689,1.028312249,1.99501E-06,1.567450198
9-1,0.79,5.54,LM,RE,INF,2.4,2,1676.271186,2.662972917,0.956257372,8.28945E-06,1.584447168
9-1,0.79,5.54,LM,RE,INF,2.4,3,1740.989197,2.924064988,0.969068297,1.13532E-05,1.678179938
9-1,0.79,5.54,LM,RE,INF,2.4,4,1638.618237,2.602999527,0.968156208,6.69871E-06,1.583867567
9-1,0.79,5.54,LM,RE,INF,2.6,1,1522.210648,2.44463781,1.032490504,1.42462E-06,1.575256465
9-1,0.79,5.54,LM,RE,INF,2.6,2,1717.480338,2.773568774,0.955301616,9.67647E-06,1.609566389
9-1,0.79,5.54,LM,RE,INF,2.6,3,1704.997348,2.841821961,0.979087726,8.4395E-06,1.665372782
9-1,0.79,5.54,LM,RE,INF,2.6,4,1578.151806,2.500507956,0.995139469,4.16267E-06,1.568715525
9-1,0.79,5.54,LM,RE,INF,2,1,1544.3963,2.481782686,1.031461357,1.38036E-05,1.587064692
9-1,0.79,5.54,LM,RE,INF,2,2,1648.994434,2.731672304,1.001548714,1.38962E-05,1.653097448
9-1,0.79,5.54,LM,RE,INF,2,3,1566.966348,2.553148486,1.032899681,9.56675E-06,1.617843183
9-1,0.79,5.54,LM,RE,INF,2,4,1522.338823,2.511621048,1.079388204,8.52605E-06,1.645803774
9-1,0.79,5.54,LM,RE,INF,2,1,1747.426559,2.881950318,0.965700899,1.67365E-05,1.642451034
9-1,0.79,5.54,LM,RE,INF,2,2,1874.0416,3.230184302,0.973472374,1.20314E-05,1.779485454
9-1,0.79,5.54,LM,RE,INF,2,3,1763.997449,2.957821301,0.961013619,9.46826E-06,1.674589658
9-1,0.79,5.54,LM,RE,INF,2,4,1586.685735,2.57937542,1.012421664,4.98287E-06,1.607914427
9-1,0.79,5.54,LM,RE,INF,2.2,1,1555.765415,2.458205161,1.001678867,4.96644E-06,1.548095068
9-1,0.79,5.54,LM,RE,INF,2.2,2,1913.775222,3.158342904,0.95591558,1.51648E-05,1.753336173
9-1,0.79,5.54,LM,RE,INF,2.2,3,1783.372906,2.978071086,0.968661524,8.64517E-06,1.668128705
9-1,0.79,5.54,LM,RE,INF,2.2,4,1603.341304,2.580929306,1.003141339,5.96361E-06,1.600323787
9-2,2.75,3.38,LM,RE,INF,2.1,1,1565.590138,2.570403747,1.03965736,2.25875E-05,1.628941813
9-2,2.75,3.38,LM,RE,INF,2.1,2,1588.519659,2.698266114,1.062065955,1.11404E-05,1.696681951
9-2,2.75,3.38,LM,RE,INF,2.1,3,1515.97199,2.4660119,1.062194568,6.57595E-06,1.618069493
9-2,2.75,3.38,LM,RE,INF,2.1,4,1490.744925,2.439378735,1.093848671,1.18275E-05,1.630543287
9-2,2.75,3.38,LM,RE,SUP,2.3,1,1570.260949,2.473072077,0.997913443,4.55423E-06,1.56941431
9-2,2.75,3.38,LM,RE,SUP,2.3,2,1792.548498,3.044620836,0.974142746,1.32125E-05,1.728670866
9-2,2.75,3.38,LM,RE,SUP,2.3,3,1689.951025,2.707471429,0.955138159,6.82361E-06,1.598362856
9-2,2.75,3.38,LM,RE,SUP,2.3,4,1598.338624,2.507484662,0.977882867,2.45109E-06,1.566923734
